{"model_info":{"Percentage of trainable parameters":43.21489631260127,"Total parameters":315119488,"Trainable parameters":136178560},"_timestamp":1.7325931660251493e+09,"_runtime":6.232738,"_step":0,"_wandb":{"runtime":6}}