{"model_info":{"Trainable parameters":136178560,"Percentage of trainable parameters":43.21489631260127,"Total parameters":315119488},"_timestamp":1.732669083439031e+09,"_runtime":6.0239819,"_wandb":{"runtime":6},"_step":0}