{"_wandb":{"runtime":9},"model_info":{"Total parameters":315119488,"Trainable parameters":136178560,"Percentage of trainable parameters":43.21489631260127},"_timestamp":1.732593102335318e+09,"_runtime":9.7077537,"_step":0}