{"train/global_step":15,"_step":2,"model_info":{"Trainable parameters":136178560,"Percentage of trainable parameters":43.21489631260127,"Total parameters":315119488},"train/learning_rate":5.6611626088244194e-05,"train/loss":3.4939,"_timestamp":1.7326691352546582e+09,"total_flos":9.0462822912e+12,"train_loss":2.8583312670389813,"train/grad_norm":6.035980701446533,"_wandb":{"runtime":12},"_runtime":12.1687134,"train/epoch":3,"train_samples_per_second":8.51,"train_steps_per_second":2.127,"train_runtime":7.0508}