{"_wandb":{"runtime":4},"_timestamp":1.732598596441301e+09,"_runtime":3.829008,"_step":0,"model_info":{"Total parameters":315119488,"Trainable parameters":136178560,"Percentage of trainable parameters":43.21489631260127}}